{"test_mae": 0.06605709614621637, "test_mse": 0.006828989598181382, "test_r2": 0.9737180080800388, "train_mae": 0.5289015577759233, "train_mse": 0.40699527949142983, "train_r2": -2.171544015435751}