{"test_mae": 0.08696043360972137, "test_mse": 0.010715016882025566, "test_r2": 0.8649165340069069, "train_mae": 0.18932408785912772, "train_mse": 0.09301559666937577, "train_r2": -0.9843097482796797}