{"test_mae": 0.06536522167401995, "test_mse": 0.009895820127079001, "test_r2": 0.9335695603040285, "train_mae": 0.4351305319256998, "train_mse": 0.3317171958000821, "train_r2": -2.1381487961964463}